{
	"description": "项目配置文件。",
	"packOptions": {
		"ignore": []
	},
	"setting": {
		"urlCheck": false,
		"es6": true,
		"postcss": true,
		"minified": true,
		"newFeature": true,
		"autoAudits": false,
		"checkInvalidKey": true
	},
	"compileType": "miniprogram",
	"libVersion": "2.2.0",
	"appid": "wx248f3808dbcbc906",
	"projectname": "EC-baai",
	"isGameTourist": false,
	"simulatorType": "wechat",
	"simulatorPluginLibVersion": {},
	"condition": {
		"search": {
			"current": -1,
			"list": []
		},
		"conversation": {
			"current": -1,
			"list": []
		},
		"plugin": {
			"current": -1,
			"list": []
		},
		"game": {
			"currentL": -1,
			"list": []
		},
		"miniprogram": {
			"current": 10,
			"list": [
				{
					"id": -1,
					"name": "聊天界面顶部进入",
					"pathName": "pages/index/index",
					"query": "test=hello",
					"scene": "1022"
				},
				{
					"id": -1,
					"name": "商品",
					"pathName": "pages/category/category",
					"query": ""
				},
				{
					"id": 2,
					"name": "分类商品",
					"pathName": "pages/classifyProduct/classifyProduct",
					"query": "id=656&name='fenlei'"
				},
				{
					"id": -1,
					"name": "搜索商品",
					"pathName": "pages/search/search",
					"query": ""
				},
				{
					"id": -1,
					"name": "搜索结果",
					"pathName": "pages/searchResult/searchResult",
					"query": "searchVal=口红"
				},
				{
					"id": 5,
					"name": "brandProducts",
					"pathName": "pages/brandProducts/brandProducts",
					"query": "brandId=182"
				},
				{
					"id": -1,
					"name": "商品详情",
					"pathName": "pages/productDetail/productDetail",
					"query": "id=13102"
				},
				{
					"id": -1,
					"name": "登录",
					"pathName": "pages/login/login",
					"query": ""
				},
				{
					"id": -1,
					"name": "密码登录",
					"pathName": "pages/loginPassword/loginPassword",
					"query": ""
				},
				{
					"id": -1,
					"name": "注册",
					"pathName": "pages/register/register",
					"query": ""
				},
				{
					"id": -1,
					"name": "忘记密码",
					"pathName": "pages/forgetPassword/forgetPassword"
				}
			]
		}
	}
}